{"files":{"index.html":{"frameworks":["bootnav","pg.insight.events","pg.asset.manager","pg.css.grid","pg.project.items","pg.image.overlay","pg.code-validator","bs4","pg.html","pg.components"],"last_page_width":1024},"test.html":{"frameworks":["bootnav","pg.insight.events","pg.css.grid","pg.image.overlay","pg.code-validator","pg.project.items","pg.asset.manager","bs4","pg.html","pg.components"],"last_page_width":1024},"de/index.html":{"frameworks":["bootnav","pg.insight.events","pg.css.grid","pg.image.overlay","pg.code-validator","pg.project.items","pg.asset.manager","bs4","pg.html","pg.components"],"last_page_width":1024},"fr/index.html":{"frameworks":["bootnav","pg.insight.events","pg.css.grid","pg.image.overlay","pg.code-validator","pg.project.items","pg.asset.manager","bs4","pg.html","pg.components"],"last_page_width":1024}},"breakpoints":["576px","768px","992px","1200px"],"frameworks":["bootnav","pg.insight.events","pg.asset.manager","pg.css.grid","pg.project.items","pg.image.overlay","pg.code-validator","bs4","pg.html","pg.components"],"template_framework_id":"bootstrap","cs-for-overrides":"style.css"}